{"cameraMode":{"drawMode":0,"name":"Shaded","section":"Shading Mode"},"sceneLighting":false,"audioPlay":false,"sceneViewState":{"m_AlwaysRefresh":false,"showFog":true,"showSkybox":true,"showFlares":true,"showImageEffects":true,"showParticleSystems":true,"showVisualEffectGraphs":true,"m_FxEnabled":true},"in2DMode":false,"pivot":{"x":946.2518920898438,"y":491.4699401855469,"z":-1081.8013916015625},"rotation":{"x":-0.004815454129129648,"y":-0.0013563591055572034,"z":-0.00009990690159611404,"w":-1.000281810760498},"size":227.64480590820313,"orthographic":false}